date,clones,unique_cloners
2026-05-25,0,0
2026-05-26,0,0
2026-05-27,0,0
2026-05-28,1,1
2026-05-29,0,0
2026-05-30,1,1
2026-05-31,0,0
2026-06-01,1,1
2026-06-02,0,0
2026-06-03,0,0
2026-06-04,2,2
2026-06-05,0,0
2026-06-06,1,1
2026-06-07,0,0
2026-06-08,102,30
2026-06-09,4,4
2026-06-10,0,0
2026-06-11,4,3
2026-06-12,1,1
2026-06-13,2,2
2026-06-14,1,1
2026-06-15,23,10
2026-06-16,1,1
2026-06-17,2,1
2026-06-18,3,3
2026-06-19,1,1
2026-06-20,2,2
2026-06-21,2,2
2026-06-22,3,3
2026-06-23,0,0
2026-06-24,22,7
2026-06-25,18,5
2026-06-26,1,1
2026-06-27,0,0
2026-06-28,0,0
2026-06-29,12,7
2026-06-30,1,1
2026-07-01,4,4
2026-07-02,0,0
2026-07-03,20,9
2026-07-04,1,1
2026-07-05,1,1
2026-07-06,8,4
2026-07-07,1,1
2026-07-08,1,1
2026-07-09,2,2
2026-07-10,0,0
2026-07-11,4,1
2026-07-12,0,0
2026-07-13,13,8
2026-07-14,1,1
2026-07-15,1,1
2026-07-16,13,4
2026-07-17,1,1
2026-07-18,2,2
2026-07-19,2,2
2026-07-20,2,2
2026-07-21,28,7
2026-07-22,1,1
2026-07-23,0,0
2026-07-24,1,1
2026-07-25,0,0
