date,views,unique_visitors
2026-05-25,1,1
2026-05-26,4,2
2026-05-27,1,1
2026-05-28,0,0
2026-05-29,3,1
2026-05-30,1,1
2026-05-31,2,2
2026-06-01,0,0
2026-06-02,1,1
2026-06-03,1,1
2026-06-04,0,0
2026-06-05,0,0
2026-06-06,0,0
2026-06-07,2,2
2026-06-08,0,0
2026-06-09,1,1
2026-06-10,0,0
2026-06-11,4,4
2026-06-12,3,3
2026-06-13,1,1
2026-06-14,0,0
2026-06-15,1,1
2026-06-16,0,0
2026-06-17,19,1
2026-06-18,0,0
2026-06-19,3,2
2026-06-20,0,0
2026-06-21,0,0
2026-06-22,0,0
2026-06-23,6,2
2026-06-24,2,2
2026-06-25,0,0
2026-06-26,0,0
2026-06-27,0,0
2026-06-28,0,0
2026-06-29,0,0
2026-06-30,0,0
2026-07-01,1,1
2026-07-02,1,1
2026-07-03,0,0
2026-07-04,0,0
2026-07-05,6,2
2026-07-06,0,0
2026-07-07,0,0
2026-07-08,0,0
2026-07-09,3,3
2026-07-10,2,2
2026-07-11,0,0
2026-07-12,2,2
2026-07-13,1,1
2026-07-14,0,0
2026-07-15,0,0
2026-07-16,0,0
2026-07-17,1,1
2026-07-18,1,1
2026-07-19,0,0
2026-07-20,0,0
2026-07-21,0,0
2026-07-22,0,0
2026-07-23,0,0
2026-07-24,2,1
2026-07-25,1,1
2026-07-26,2,2
2026-07-27,0,0
2026-07-28,2,1
2026-07-29,0,0
2026-07-30,0,0
2026-07-31,3,1
